"test_premise","test_hypothesis","dynamic_examples_used","true_label","pred_label","response"
"Trois personnes sont debout à côté d'un membre d'arbre","Deux enfants sont suspendus à une grande branche","Ex 1:
P: Deux enfants et un adulte sont debout à côté d'un membre d'arbre
H: Deux enfants sont suspendus à une grande branche
L: 1

Ex 2:
P: Deux enfants et un adulte sont debout à côté d'un membre d'arbre
H: Deux enfants et un adulte ne sont pas debout à côté d'un membre d'arbre
L: 2

Ex 3:
P: Un homme ramasse un arbre
H: Un arbre est ramassé par un homme
L: 0

Ex 4:
P: Deux enfants et un adulte sont debout à côté d'un membre d'arbre
H: Deux enfants grimpent à un arbre
L: 1

Ex 5:
P: Un homme ramasse un arbre
H: Un homme fait tomber un arbre
L: 1","1","1","neutral"
"Trois jeunes hommes courent furieusement, sautent et donnent des coups de pied près d'un distributeur automatique","Trois jeunes hommes courent, sautent et donnent des coups de pied près d'un distributeur automatique","Ex 1:
P: Trois jeunes hommes courent, sautent et donnent des coups de pied près d'un distributeur automatique
H: Trois hommes sautent sur un mur
L: 1

Ex 2:
P: Un garçon saute d'une plate-forme et deux autres garçons sont debout et regardent
H: Un garçon saute d'une plate-forme et deux autres garçons sont debout et le regardent
L: 0

Ex 3:
P: Un garçon saute d'une plate-forme et deux autres garçons sont debout et regardent
H: Personne ne saute d'une plate-forme
L: 2

Ex 4:
P: Trois hommes sautent d'un mur
H: Trois jeunes hommes courent, sautent et donnent des coups de pied près d'un distributeur automatique
L: 1

Ex 5:
P: Trois garçons sautent d'une plate-forme
H: Un garçon saute d'une plate-forme et deux autres garçons sont debout et le regardent
L: 1","0","0","entailment"
"La dame orientale coupe une carotte en morceaux minces","La dame orientale coupe une carotte en morceaux minces","Ex 1:
P: La dame orientale coupe une carotte en morceaux minces
H: La dame orientale ne coupe pas une carotte en morceaux minces
L: 2

Ex 2:
P: Une mince dame est en train de reconstituer des coupes de carottes orientales
H: La dame orientale coupe une carotte en morceaux minces
L: 1

Ex 3:
P: La dame orientale coupe une carotte en morceaux minces
H: Une femme tranche une carotte
L: 0

Ex 4:
P: Une femme tranche une carotte
H: Une femme coupe une carotte
L: 0

Ex 5:
P: Une femme range une carotte
H: Une femme tranche une carotte
L: 1","0","0","entailment"
"L'homme joue du piano avec son nez","Il n'y a pas d'homme qui joue du piano avec son nez","Ex 1:
P: Il n'y a pas d'homme qui joue du piano avec son nez
H: Un homme joue du clavier avec son nez
L: 2

Ex 2:
P: L'homme joue du piano avec son nez
H: Un homme joue du clavier avec son nez
L: 0

Ex 3:
P: Quelqu'un joue du piano
H: Une personne ne joue pas du clavier
L: 1

Ex 4:
P: L'homme joue drôlement du piano avec son nez
H: L'homme joue du piano avec son nez
L: 0

Ex 5:
P: L'homme joue drôlement du piano avec son nez
H: Un homme joue du clavier avec son nez
L: 0","2","2","contradiction"
"Un homme danse avec un chapeau dur usé","Un homme porte un chapeau dur et danse","Ex 1:
P: L'homme avec un chapeau dur danse
H: Un homme porte un chapeau dur et danse
L: 0

Ex 2:
P: Un homme porte un chapeau dur et danse
H: Il n'y a pas d'homme avec un chapeau dur dansant
L: 2

Ex 3:
P: Un homme porte un chapeau dur et danse
H: Un homme est nu et se tient immobile
L: 1

Ex 4:
P: Un homme porte un chapeau dur et danse
H: Un homme avec un chapeau dur danse
L: 0

Ex 5:
P: Un homme avec un chapeau dur danse
H: L'homme avec un chapeau dur danse
L: 0","1","0","entailment"
"Un homme danse avec un chapeau dur usé","Un homme avec un chapeau dur danse","Ex 1:
P: Un homme avec un chapeau dur danse
H: L'homme avec un chapeau dur danse
L: 0

Ex 2:
P: Un homme porte un chapeau dur et danse
H: Il n'y a pas d'homme avec un chapeau dur dansant
L: 2

Ex 3:
P: Un homme porte un chapeau dur et danse
H: Un homme est nu et se tient immobile
L: 1

Ex 4:
P: Un homme porte un chapeau dur et danse
H: Un homme avec un chapeau dur danse
L: 0

Ex 5:
P: L'homme avec un chapeau dur danse
H: Un homme porte un chapeau dur et danse
L: 0","0","0","entailment"
"Un train jouet frappe une voiture jouet","Il n'y a pas de train jouet frappant une voiture jouet","Ex 1:
P: Un train jouet frappe une voiture jouet
H: Un train de jouets heurte une voiture jouet
L: 0

Ex 2:
P: Un enfant est assis dans une voiture jouet rouge et jaune
H: Il n'y a pas d'enfant assis dans une voiture jouet rouge et jaune
L: 2

Ex 3:
P: Quelqu'un joue avec un crapaud
H: Quelqu'un joue avec une grenouille
L: 1

Ex 4:
P: Un bébé ne joue pas avec une poupée
H: Un bébé joue avec une poupée
L: 2

Ex 5:
P: Il n'y a pas d'homme chevauchant un taureau mécanique
H: L'homme chevauche un taureau mécanique
L: 2","2","2","contradiction"
"La femme ne verse pas d'huile dans la casserole","La femme verse de l'huile dans la casserole","Ex 1:
P: La femme verse de l'huile dans la casserole
H: L'huile est versée dans la casserole par la femme
L: 0

Ex 2:
P: Une femme ne fait pas frire de la nourriture
H: Une femme fait frire de la nourriture
L: 2

Ex 3:
P: Une femme ne fait pas frire de la viande
H: Une femme met de la nourriture dans une casserole d'eau chaude
L: 1

Ex 4:
P: Une personne verse de l'huile de cuisson dans une casserole
H: Une personne verse de l'huile d'olive dans le poêle à partir d'une casserole
L: 1

Ex 5:
P: Il n'y a pas de femme qui fait frire la nourriture
H: Une femme fait frire la nourriture
L: 2","2","2","contradiction"
"Un homme sur une moto est monté sur une roue","Une personne exécute des tours sur une moto","Ex 1:
P: Un homme sur une moto est monté sur une roue
H: Une personne effectue des acrobaties sur une moto
L: 0

Ex 2:
P: Une personne exécute des tours sur une moto
H: Un homme sur une moto ne roule pas sur une seule roue
L: 1

Ex 3:
P: Un homme sur une moto fait un tour
H: Une personne exécute des tours sur une moto
L: 0

Ex 4:
P: La personne monte une moto sur une piste sablonneuse
H: Un homme est à moto dans l'événement lié au motocross
L: 1

Ex 5:
P: La personne monte une moto sur une piste sablonneuse
H: Un homme soulève des haltères
L: 1","0","0","entailment"
"Une grande ville supplie les hommes et les détenteurs d'argent","Un sans-abri brandit une pancarte et demande de l'argent","Ex 1:
P: Un sans-abri brandit une pancarte et demande de l'argent
H: Un homme dans une petite ville fait un travail de charité
L: 1

Ex 2:
P: Un sans-abri brandit une pancarte et demande de l'argent
H: Un sans-abri brandit un panneau et implore pitoyablement de l'argent
L: 0

Ex 3:
P: Un homme dans une grande ville tient une pancarte et demande de l'argent
H: Un sans-abri pose un signe et refuse une charité
L: 1

Ex 4:
P: Un sans-abri brandit une pancarte et demande de l'argent
H: La femme et l'homme voyagent en voiture
L: 1

Ex 5:
P: Un homme dans une grande ville tient une pancarte et demande de l'argent
H: Un homme dans une petite ville fait un travail de charité
L: 1","1","0","entailment"
"Trois hommes et une femme posent pour une photo","Une femme et trois hommes posent pour une photo","Ex 1:
P: Une femme et trois hommes posent pour une photo
H: Une femme pose pour trois hommes pour une photo
L: 1

Ex 2:
P: Une femme et trois hommes posent sans bouger pour une photo
H: Trois hommes et une femme posent pour une photo
L: 0

Ex 3:
P: Un homme oriental et deux femmes font face à une caméra
H: Il n'y a pas de groupe de personnes debout ensemble et regardant la caméra.
L: 2

Ex 4:
P: Une femme et trois hommes nient une photo
H: Trois hommes et une femme posent pour une photo
L: 1

Ex 5:
P: Un homme oriental et deux femmes font face à une caméra
H: Le groupe de personnes est debout ensemble et regarde la caméra
L: 0","0","1","neutral"
"Le chien brun à fourrure traverse la zone herbeuse","Le chien brun poilu ne traverse pas la zone herbeuse","Ex 1:
P: Un chien brun à fourrure parcourt la zone herbeuse
H: Le chien brun à fourrure traverse la zone herbeuse
L: 0

Ex 2:
P: Le chien brun poilu ne traverse pas la zone herbeuse
H: Le chien brun joue dehors
L: 1

Ex 3:
P: Le chien brun ne joue pas dehors
H: Le chien brun joue dehors
L: 2

Ex 4:
P: Un chien brun parcourt un sentier enneigé
H: Un chien court sur un sentier enneigé
L: 0

Ex 5:
P: Le chien avec le manteau brun joue à l'extérieur
H: Le chien brun à fourrure traverse la zone herbeuse
L: 1","2","2","contradiction"
"Trois hommes regardent les grandes collines vertes au loin","Trois hommes ne regardent pas les grandes collines vertes au loin","Ex 1:
P: Trois hommes ne regardent pas les grandes collines vertes au loin
H: Trois hommes regardent au loin
L: 1

Ex 2:
P: Trois hommes regardent les grandes collines vertes au loin
H: Trois hommes regardent au loin
L: 0

Ex 3:
P: Trois hommes dansent
H: Les hommes ne dansent pas
L: 2

Ex 4:
P: Trois hommes sont couchés sur une colline et regardent les montagnes et le ciel
H: Trois hommes sont assis sur une colline et regardent les montagnes et le ciel
L: 1

Ex 5:
P: Trois randonneurs sont debout sur un flanc de montagne et regardent la vue avec une paire de jumelles
H: Trois hommes sont assis sur une colline et regardent les montagnes et le ciel
L: 1","2","2","contradiction"
"Un homme escalade un mur de pierre et un autre homme tient une corde","Un grimpeur tient un rocher et un autre homme roule un mur","Ex 1:
P: Un homme escalade un mur de pierre et un autre homme tient une corde
H: Les hommes n'escaladent pas une montagne
L: 1

Ex 2:
P: Un rocher est escaladé par une personne avec une corde, qui est rose
H: Un homme grimpe une falaise avec une corde
L: 0

Ex 3:
P: Les hommes escaladent une montagne
H: Un homme escalade un mur fait de roche et un autre homme tient une corde
L: 1

Ex 4:
P: Une montagne est escaladée par deux hommes
H: Un homme escalade un mur de pierre et un autre homme tient une corde
L: 1

Ex 5:
P: Un grimpeur social attache un homme à une falaise avec une corde
H: Un homme grimpe une falaise avec une corde
L: 1","1","2","contradiction"
"La personne qui fait du vélo regarde un accident d'un autre cycliste","Le motard regarde un accident d'un autre motard","Ex 1:
P: Le motard regarde un accident d'un autre motard
H: Une personne regarde un vélo de motocross qui est couché sur le côté et un autre est en course par
L: 1

Ex 2:
P: Un homme sur un vélo de sport jaune fait un wheelie et un ami sur un vélo noir rattrape
H: Un motard sur un vélo de sport jaune fait un wheelie et un ami sur un vélo noir rattrape
L: 0

Ex 3:
P: Une personne fait du vélo
H: Une personne qui fait du vélo, dans un uniforme noir et rouge, est debout sur un vélo de terre
L: 1

Ex 4:
P: Un homme sur un vélo de sport jaune fait un wheelie et un ami sur un vélo blanc rattrape
H: Un homme sur un vélo de sport jaune fait un wheelie et un ami sur un vélo noir rattrape
L: 1

Ex 5:
P: Une personne qui fait du vélo, dans un uniforme noir et rouge, est debout sur un vélo de terre
H: Un coureur de vélo dans un uniforme noir et rouge est debout sur un vélo de saleté
L: 0","0","0","entailment"
"Le grand surfeur chevauche et agite","Le surfeur surfe sur une grosse vague","Ex 1:
P: Un surfeur surfe sur une grosse vague
H: Le surfeur surfe sur une grosse vague
L: 0

Ex 2:
P: Un surfeur surfe sur la vague
H: Un cavalier agite un surfeur
L: 1

Ex 3:
P: Le surfeur surfe sur une petite vague
H: Le surfeur surfe sur une grosse vague
L: 2

Ex 4:
P: Un surfeur en combinaison noire chevauche une vague mousseuse
H: Un surfeur surfe sur une grosse vague
L: 1

Ex 5:
P: Un surfeur surfe sur la vague
H: Un rider surfe sur la vague
L: 0","1","0","entailment"
"Il n'y a pas de vétéran qui montre des choses d'une guerre à certaines personnes","Un vétéran montre des choses différentes d'une guerre à certaines personnes","Ex 1:
P: Il n'y a pas de vétéran qui montre des choses d'une guerre à certaines personnes
H: Un grand homme est assis dans un magasin d'accessoires militaires
L: 1

Ex 2:
P: Il n'y a pas d'homme qui fixe un silencieux à une arme à feu
H: Un homme fixe un silencieux à une arme à feu
L: 2

Ex 3:
P: Différentes choses d'une guerre sont montrées à certaines personnes par un vétéran
H: Trois amis font des visages pour la caméra
L: 1

Ex 4:
P: Un officier parle aux recrues
H: Un officier parle aux soldats
L: 1

Ex 5:
P: Certains hommes scient
H: Il n'y a pas d'hommes qui scient
L: 2","2","0","entailment"
"Une femme en jean bleu se tient devant un groupe d'enfants à côté d'une maison en pierre","Une dame se tient dans la rue et est entourée d'écoliers.","Ex 1:
P: Une femme en jean bleu se tient devant un groupe d'enfants à côté d'une maison en pierre
H: Une femme en jean bleu se tient devant un groupe d'enfants à côté d'une maison en pierre
L: 0

Ex 2:
P: Un homme en jean bleu se tient devant un groupe d'enfants à côté d'une maison en pierre
H: Une femme en jean bleu se tient devant un groupe d'enfants à côté d'une maison en pierre
L: 1

Ex 3:
P: Une dame se tient dans la rue et est entourée d'écoliers.
H: Aucune dame n'est debout dans la rue et est entourée d'écoliers
L: 2

Ex 4:
P: Une dame est debout près de trois enfants
H: Une femme est debout près de trois enfants
L: 0

Ex 5:
P: Adultes et enfants debout et jouant devant des marches près d'une zone boisée
H: Adultes et enfants debout et jouant devant un escalier près d'une zone boisée
L: 0","1","1","neutral"